,Job,Create,Start
0,a01,2023-10-17 03:10:44,2023-10-17 03:10:45
1,a02,2023-10-17 03:18:17,2023-10-17 03:21:13
2,a03,2023-10-17 03:16:46,2023-10-17 03:17:07
3,a04,2023-10-17 03:13:20,2023-10-17 03:16:00
4,a05,2023-10-17 03:17:17,2023-10-17 03:18:05
5,a06,2023-10-17 03:22:08,2023-10-17 03:22:18
6,a07,2023-10-17 03:16:13,2023-10-17 03:16:34
7,a08,2023-10-17 03:22:30,2023-10-17 03:23:18
8,a09,2023-10-17 03:27:42,2023-10-17 03:28:32
9,a10,2023-10-17 03:11:22,2023-10-17 03:11:22
10,b01,2023-10-17 03:26:42,2023-10-17 03:27:00
11,b02,2023-10-17 03:21:25,2023-10-17 03:21:47
12,b03,2023-10-17 03:12:55,2023-10-17 03:12:55
13,b04,2023-10-17 03:27:16,2023-10-17 03:27:31
14,b05,2023-10-17 03:12:27,2023-10-17 03:12:27
15,b06,2023-10-17 03:23:31,2023-10-17 03:26:27
16,b07,2023-10-17 03:26:36,2023-10-17 03:26:36
17,b08,2023-10-17 03:21:59,2023-10-17 03:21:59
18,b09,2023-10-17 03:11:51,2023-10-17 03:11:51
19,b10,2023-10-17 03:27:06,2023-10-17 03:27:09
